i,j,alpha,beta,loc,scale
0,0,12.375414317473755,57.38586532501584,345.0354294330119,6409.259874465117
0,1,8.21487829910696,30.476922439245634,578.8112988331843,4281.020472614342
0,2,6.4416564975654875,20.29286369773179,619.81607385178,3555.2725725194623
0,3,8.274218999493332,45.4712078931829,577.1696021535305,5890.061411842286
0,4,8.708618321830723,27.058377456299795,521.4800745329695,3930.2089008544963
0,5,14.237648333637676,437.4475901786128,366.6505888648404,34883.37581612935
0,6,12.985159885833685,88054509.45989034,436.1572815230724,7003817238.42068
0,7,7.166232306386238,31.729876415288494,633.7953059513636,4506.7307754958665
0,8,25.130881889291935,24965959.096678227,103.90369065190406,1333651930.5800564
0,9,7.912874406776698,44.57305756753774,577.9672509125985,5625.360691332475
0,10,15.099839289593616,26738865.65046268,363.29415101060476,1920735990.9820654
0,11,7.284476715219919,20.06985977432593,555.9162302713455,3205.4745064196154
0,12,11.449378902269155,579471.016279537,499.5707990198421,45768930.98479083
0,13,10.812546601616079,259677368.09927493,520.4535861017237,21084782711.58258
0,14,7.502766755297269,36.87341897120301,587.3085811551061,4743.01203973368
0,15,12.25248591246065,55.20709355730463,368.0292142609796,5580.984741427775
0,16,6.827232270971605,16.061159304507413,533.328094512985,2946.2818668113887
0,17,16.258009326421856,369.83294063370477,300.80358234577386,26129.802344948635
0,18,13.661748682645605,400935.52318742673,418.76278287254013,29004642.10371506
0,19,6.6812408719774385,23.72465423844594,589.9614380931538,3736.3972049492486
0,20,11.56190436270689,82.60067567841075,401.48633504358577,8250.609088315912
0,21,15.150452870012481,10729876.683942966,323.22033708871345,771412745.6916381
0,22,24.840636074206998,1224231.5311529387,75.93183921364405,66647837.175705716
0,23,14.368357992183416,24254685.321235135,391.51841749045457,1734045861.8206785
0,24,13.705006065467813,104459642.79760414,384.7020335645302,7972730028.871157
0,25,8.639562262244343,24.85087207972797,480.6138268049632,3598.8844606295006
0,26,8.418569626899451,26.62770820850615,523.0033505118046,3793.450010469055
0,27,11.997946703688289,66079401.496106654,457.7686499101248,5283766149.722111
0,28,6.37350344351748,20.785371761750586,632.4452078794636,3375.954757794415
0,29,14.359196219826536,112.78854001206753,325.61786878514096,9428.697758034028
1,0,18.02781615832562,65370701.29031314,308.1395159383976,4417104735.120811
1,1,10.651061039979925,43.3844841659197,437.34787150796706,5358.451012300942
1,2,13.144477104072568,63.192470423373166,386.00905403485945,6458.420057784446
1,3,20.42159208311083,3200107.9553914126,219.5169105477391,198592113.72112092
1,4,12.696256267573666,2461.108188004572,451.59240439226926,203088.7405158572
1,5,13.789951335923014,3597656.6218852364,421.70875607591273,275395383.73923916
1,6,5.908841692851878,16.367427113283888,652.3036425743799,3053.694020456049
1,7,14.384380503335544,53876666.35877577,397.6084620825846,4015300819.225669
1,8,5.759553003210078,26.13125524847171,698.4972256763857,4266.7880418559325
1,9,9.736515797575812,66.93676706964824,521.0532973126678,7322.7006058871675
1,10,6.528002662741487,15.395279148830934,598.2609715808935,2843.339062688084
1,11,15.831618564436521,2180657.6240515476,340.9732618495558,147626948.14771795
1,12,8.38502371341104,44.55774081196928,546.5373728949912,5411.673032674481
1,13,10.155954621044867,35.55839385037227,444.7267797899399,4327.1159196870885
1,14,21.600065678260304,17584600.27441577,145.30397204062814,1022419242.4138145
1,15,6.338043631713736,19.298982959127365,594.2719730497097,3275.2756159000305
1,16,13.680267258473641,102.0461420203139,335.9798717322758,9078.497147765362
1,17,10.07628883911065,35.868453976899765,430.0124626882334,4480.018698058562
1,18,24.364029721950423,1444941.4666045639,126.81613691365663,76862793.41799198
1,19,5.6361636043330225,21.231284052141735,667.6616773841554,3597.810494415784
1,20,14.425557203361993,309.86693422465885,351.0262008620714,24254.04398075898
1,21,12.54802109797912,871.6824826791826,401.4577982750543,71726.34597288311
1,22,8.795227746972724,37.917192370537876,519.3173769016247,4806.33277087563
1,23,11.483896861266782,1745.6531263029024,474.0657820562282,146433.24404244096
1,24,8.914866162875256,63.193548825913346,560.4957313733914,7051.981482734898
1,25,9.584548345916108,33.69621516051435,448.66345028544663,4386.980825756915
1,26,17.37155926845575,1547724.6797573064,305.6700483249755,100682179.48967636
1,27,17.192512461869036,1008262.1874158268,276.6139427542994,66758196.54913277
1,28,15.400204303932163,804561.2393390586,378.936931469011,54870769.21289183
1,29,16.131710343024565,2196.534319582952,320.2425771733713,149260.79802125832
2,0,16.47637389106174,6921590.623502846,342.30289010014457,499340707.67188054
2,1,12.4591991750838,799331.9039915791,497.80738317933657,64583239.56644364
2,2,10.309242462736204,42.231297740152044,511.6713504373864,4950.344569671195
2,3,16.266877738306924,6553897.9915631795,371.66396244584337,453693943.39480567
2,4,6.801869236427752,27.584477783861992,685.8357390106607,4147.83568116715
2,5,7.391512440459383,28.977660524804328,622.7023259770561,4334.809972560954
2,6,10.364127145045536,71.33123370268073,495.3232441239435,7726.942786728846
2,7,19.722033643643922,7220882.985904552,240.50559315107745,456466199.2482922
2,8,8.180922950711203,38.27124958836821,592.557892809029,5017.893395703359
2,9,5.582190361940659,18.908366744314193,689.6890160879734,3387.5342918490605
2,10,8.669789818382743,26.717775370828782,496.59492339995114,3943.974249298879
2,11,20.564901356367436,2927101.100301883,223.8110946858171,169839927.63760352
2,12,13.086616002586439,5462448.012749506,433.1330038940863,411627514.04434574
2,13,29.721704092319662,2999602.909749139,-45.6651328728514,146817154.10353214
2,14,16.977670213866528,22360368.48382409,300.37964468544345,1480017317.9696517
2,15,15.469470729509213,195827172.47777218,369.9000437582824,13064157513.751377
2,16,9.678098748086317,31.160076943764018,484.4198891636118,3914.9675562040215
2,17,21.835516326522196,973.4048914859422,137.41289181968227,58173.14672592026
2,18,11.65209762124088,8707225.68777042,498.857496021629,689395400.0875303
2,19,7.9002306972893575,21.529094237599608,501.01236170445134,3456.088921362379
2,20,9.188347938447041,48.05153462118762,517.4238969392984,5695.325248899945
2,21,9.445653907172094,63.93094237564969,490.97415954992977,7360.541335244904
2,22,6.075443723936624,19.909405997362942,652.9063554874006,3409.976346237835
2,23,8.634202323848893,31.505477062180034,539.0380424165699,4220.782479250491
2,24,9.941935717443268,36.82496794098826,501.6317045371334,4444.376019240897
2,25,9.048901077403489,33.56808925121509,493.01102378174687,4411.862215333447
2,26,9.345627908919045,40.57089761774812,501.98095414133263,4971.093592992769
2,27,11.554989959185681,952619.707688113,461.73062547738385,79128254.7204729
2,28,4.966197255061854,11.435179911597169,657.3349771303033,2492.170336821303
2,29,13.51385588404607,213.30551815862498,381.44993429199235,17354.68782631692
3,0,13.422846823205624,75.31316958157323,398.1035308618901,7507.268641668183
3,1,16.909624873899666,25097337.2090939,336.63010704165436,1741277729.658339
3,2,15.998900786727678,262.02254491633556,321.66092930298385,20532.00396427863
3,3,22.63198611352685,2218851.0102656246,136.33653264549136,134331219.44691366
3,4,12.981738640484444,84.39601294822748,392.47685650098146,8295.786774887672
3,5,9.059088400167209,37.43554945019508,522.8076505568474,5092.734420894019
3,6,11.39542523506676,78.77645320424946,455.89066979215966,8120.471077770028
3,7,7.698083285386044,40.99223298879616,619.0664410488208,5497.038183639887
3,8,16.788055321908256,84941.55029511999,261.5553370764403,6146367.938352071
3,9,14.852225648795091,81.14648295333163,305.4031620340238,7470.234790418098
3,10,7.6299018700668935,21.03442386059826,531.7010106512627,3502.804423268098
3,11,13.282298405965676,185611.41991844203,424.82161675447105,14106200.28187763
3,12,8.472497707020342,28.952999778472325,525.7828431756902,3926.9480308679817
3,13,6.35495481620522,20.142190478782133,622.3230916086736,3333.2191122700456
3,14,10.468017449408329,71.90065373644106,510.08772495977723,7182.216488540216
3,15,9.342053409561665,29.968072861367947,462.31975696997574,4002.626261664515
3,16,10.366201019094042,106.73843969482944,506.5801966784643,10382.618341647983
3,17,4.631275536536952,14.77207221478728,707.6428854215947,2962.9686439977754
3,18,17.415679791699297,3637135.271663596,301.4569117339521,232648725.83921456
3,19,10.545880209841688,45.26773337838599,449.2400507311617,5123.691420251395
3,20,13.945282521115665,141.19352493376925,378.90219929207143,11664.954794895333
3,21,12.881167917496292,73.51281093019281,355.43051590284244,7249.894363085401
3,22,14.885504024617925,66733350.69835519,343.5985651811095,4907413852.244453
3,23,13.088842244755236,157600.2814014935,435.70062771318163,12044879.811540427
3,24,15.313232879292734,1062828.7729930514,367.5352503253107,73754371.50563887
3,25,15.126742539521628,5101812.151828789,329.1524669145771,370592959.4970843
3,26,16.404934060773176,10455026.459281143,338.437829232995,702090301.6228833
3,27,24.269145537952642,3172576.218396064,91.92853340742352,174147504.79402214
3,28,19.259962249356526,66995701.25236967,220.70406413472386,4194996718.7934875
3,29,7.150800655287206,25.810126719333287,571.75526622596,3861.0542975089875
4,0,7.734227015961611,48.66682153477151,634.9308936094064,6721.303950756721
4,1,22.92732637118244,11707460.175420366,129.47092133139483,709167197.3411094
4,2,10.850729174953774,48.526379319193985,496.32820213459104,5508.557565536578
4,3,9.069477038737173,46.06022756987193,558.9165988905451,5799.329398638463
4,4,13.524648425870714,55056662.960618734,452.12992002526244,4350735479.239613
4,5,9.104888777778651,47.04532313966365,573.0116622427176,5870.019880057495
4,6,14.071361902694179,6364407.276248813,407.25830173470126,487967233.60309744
4,7,8.132438040128257,27.46739823720954,551.1055847723405,4160.066802127012
4,8,12.713987821033793,14446161.889468834,452.0721099199059,1188910589.4106188
4,9,11.755583535035715,39467300.18577773,471.91812512586193,3361526397.1951566
4,10,5.316576171333834,18.981215775602664,716.8863679294818,3492.2080021744296
4,11,7.62644503077119,29.33814465344777,556.4980944145991,4240.677112240641
4,12,9.871524953303073,65.51898980908577,512.1807543012957,7053.992441322532
4,13,14.281623481723834,899931.2304130229,422.14432654223356,63486242.628737345
4,14,14.42625080521619,23633188.67730154,338.1296899759909,1794870104.269753
4,15,14.755836920901444,44010702.26804421,369.64646926769484,3148699825.9830475
4,16,8.765280443907475,37.99451767270565,494.82246027865756,4909.353188922691
4,17,6.965352175359772,28.664916002234968,609.2963253302938,4154.703306088261
4,18,20.65388524186583,3237814.8584029875,225.52334042570484,187326319.8724496
4,19,7.444085905379902,21.46724392946074,563.1919957178845,3399.740481747861
4,20,16.32601927018272,2382422.8332160097,302.2102909910154,164723912.81463227
4,21,6.724220191765246,21.000238941714898,622.5746504320493,3351.917511569659
4,22,11.023092358346569,72064218.56855977,517.8780952340855,6079923931.658901
4,23,11.01681780876494,56.652141795633106,416.94390332299827,6339.397095919996
4,24,15.56140813029454,110508368.007474,353.74864864002643,7756334167.477619
4,25,19.073204956264448,41890716.30408278,257.4658244372349,2580740017.3734245
4,26,18.900973233945557,329.4383152717577,188.25153652711026,23149.781595229964
4,27,18.36132592058542,24397119.55870162,261.3994078676315,1554852680.1930761
4,28,5.7102318885758,16.132777467108273,647.8380723552971,3002.5139884499818
4,29,12.049133071505983,163.97460016908215,418.3675918518325,14766.083604281579
5,0,8.039961890224369,28.158083372204022,620.6913616267286,4210.7880520261015
5,1,17.618676399682638,245818.61511705612,272.57436158174187,17459832.639805812
5,2,12.701993394753377,47.98382898771964,387.42539767946056,5346.599226225793
5,3,9.029061475795917,33.50907014892851,528.875047529139,4601.263797851208
5,4,6.620858237242979,25.347514574295193,690.9580877476201,3911.479951318348
5,5,11.650487713180127,117.74410224594688,480.72104872910677,11368.270736265447
5,6,18.33109231515197,2077378.8417905224,249.15480631134588,139601141.5065846
5,7,12.103130468162622,51.817249684219895,380.07458885032554,6015.097364771826
5,8,18.876924258529836,214.71132539037848,183.81633461750437,16304.675077298998
5,9,14.21028565238323,777.3177560371694,382.1192509065937,61016.74431516537
5,10,14.83656638539885,16039.426526174488,361.03610197366527,1201249.4170214124
5,11,22.336658475053795,228.45177381006351,82.28041951104746,15203.214300038144
5,12,6.567577867246291,22.467703225038896,610.1686740674911,3607.8318397090807
5,13,17.865616315129582,13488657.63367294,275.9642072865409,864242889.7143261
5,14,12.870262025609819,54.5895444461084,351.23087308490676,5623.459155011391
5,15,13.807250597582332,304.97993790429393,379.43149247965573,24065.28496317369
5,16,9.263066173523864,44.606324316715046,501.12158636839183,5360.928410558163
5,17,10.444956069820968,218.28559400626804,479.60409891083725,20705.039629121726
5,18,11.34733334037865,503.78137030369766,493.29872575200005,42662.69818886588
5,19,8.997498574055761,72.0407232084663,527.3549109249905,8162.301463953052
5,20,7.172770916138884,26.207929889078315,574.1780577249576,4099.5389983735695
5,21,7.28386824072126,18.002817030760603,529.9009997877899,3130.772571957942
5,22,5.4169292855268925,11.36445976371115,625.3972281438587,2528.9693206292313
5,23,12.288267222013289,138.4543124264921,410.69463327451285,12764.832340484998
5,24,19.764191173459018,28409811.509458385,200.43743949701667,1794259508.0388384
5,25,32.8892241474458,1266967.2194059598,-93.0862041598815,59032167.5839929
5,26,15.239494368365083,343.5519572790421,343.8847355807344,25855.433279614754
5,27,9.112645219563387,49.99225643146846,522.4038527524998,5896.000560085864
5,28,23.334050454901487,25383.659864874673,99.73754187842323,1447164.0212707324
5,29,12.435824559280256,76.8279636077701,377.2005405000922,7375.242818563229
6,0,15.27169216359449,435.8939851617184,401.40435050977914,34603.970996699325
6,1,10.175373493266783,75.03218983363999,552.7321991854637,8096.159445945557
6,2,8.575256982731037,24.014958064801256,524.0637970771645,3744.961156676015
6,3,11.479769114534502,103.71060770100438,476.28802418683716,10498.29846910876
6,4,19.174672356405168,6409301.740243934,295.92570103403904,408211512.36019826
6,5,17.370025774480986,1375.5085941603459,255.97370094753097,100731.37865518828
6,6,5.340964823096526,17.285681173231616,723.133257938453,3238.651924009111
6,7,14.117301032818563,1061779.7289499822,411.0810821947283,82983715.8136152
6,8,11.243583119706805,75.65161907275328,414.28406403941887,8453.369764319268
6,9,11.0890056409797,69.7462598430227,472.8936324248829,7420.891011053508
6,10,14.17439599906134,193.34383605125683,365.31170752301136,16513.502917398248
6,11,5.981548326143139,15.654155358899907,647.3632776304512,2891.899501363613
6,12,20.14604431971873,3027858688.107232,189.44708565333775,186471936323.2272
6,13,17.749718799851344,2693422770.0736036,274.3429632545419,175657855547.85995
6,14,4.642363975203462,10.11495074365737,705.2529725558736,2305.6666323997265
6,15,12.517296903593376,752.1185317927866,397.802196506726,62584.4102042813
6,16,12.161727255505147,43234515.24879843,460.0753240389553,3491597533.0965743
6,17,12.430933601315665,63.79430890770428,365.59200599317114,6710.049072980946
6,18,14.049909540919344,671.1666047480126,428.0990260805253,49817.61379985709
6,19,13.998827577327333,546.819969411629,397.31411367707267,42214.77859474784
6,20,5.668195779064591,15.503410931055488,640.6478635519468,3026.9276523609824
6,21,19.497823243390343,29369325.22205097,232.15769994692164,1828838137.0971892
6,22,15.613470595138864,12218639.947447792,315.2293481578523,884979472.5872198
6,23,23.983456527176102,77864607.51288351,134.11767606647788,4262825830.4069357
6,24,28.768221318302025,59805.10249466382,-5.5974201686149705,3009616.075742484
6,25,7.822997299884261,29.8024665682956,574.3358591241963,4183.254305480925
6,26,8.882132889962818,61.59864728806961,536.0004857998026,7158.057776996584
6,27,7.075848606906218,18.493463600819155,541.0840844696622,3203.0444343483537
6,28,12.25531549409464,233.1883467069767,441.11147363436004,19753.844959762846
6,29,15.53622485142164,378637750.92969716,353.9837890049968,25865907704.117157
7,0,20.214361125315797,591013.9576369354,262.08748223187115,38514820.0324324
7,1,8.163316007419589,58.65139955101226,647.5506355180219,7257.772413430286
7,2,8.142335102045873,32.60362694341556,611.7899828527483,4501.876303994543
7,3,32.704696545145325,282954.1492857918,-116.4259617795988,14149371.966281302
7,4,19.10729122962259,7026735.4268091405,290.6207310085896,454704572.29677576
7,5,7.150598491536988,18.320808177901014,589.0299098457069,3322.907321234895
7,6,13.48210091978028,16110184.220088309,426.69669911589426,1272413206.734337
7,7,18.930501116964443,20571606.83089988,278.5654807097868,1333066407.1244807
7,8,8.802403276248576,57.07453247175212,535.544021786932,7260.574952758102
7,9,15.378892186435952,54865578.60313168,361.29562210925417,4039202266.6869946
7,10,11.026739808743564,74.25903505686881,452.14379066143147,8019.3448981816555
7,11,22.887860535475888,4110747.7330505666,130.4048938298644,234393211.89445782
7,12,10.659722902100771,27.076040544667144,366.7709764138695,3770.9092121287963
7,13,13.954387055715387,351.5960318553732,380.8868246186505,26925.685195766244
7,14,11.533866070608823,677.271877099118,452.0394450229844,58184.05697866432
7,15,6.600517903832026,24.650536569930814,616.2487289539911,3874.721176402667
7,16,12.720941945414424,1202.786961294356,420.0645155718812,97855.97175760916
7,17,8.801765319668736,29.47317075026063,481.8470776155677,4209.629788301111
7,18,12.066083709440207,1233.7222162298349,473.0050628333357,100932.03044546099
7,19,7.086873119491633,22.684852132726014,608.623887346209,3505.4189662347762
7,20,8.789507827073066,23.471221001646935,438.2793406162831,3723.795078292299
7,21,11.362858787093124,72.14841778517527,417.70204708678455,7526.107066119432
7,22,10.476023421612254,57.902096015817826,479.64676521552656,6314.691488278342
7,23,8.273778003964562,37.836751104962545,510.860661129379,5220.038158085021
7,24,11.175887134270717,94.09609903385133,475.40421092735454,9135.17871361291
7,25,12.573236770864316,339.69627444462316,445.5608499722092,28254.332549439754
7,26,12.13306299102269,77.96708007245205,411.52732469356215,7689.9239454149865
7,27,17.377847965599784,68496371.2041823,282.4872363886883,4596239921.276573
7,28,11.11144200425369,180.52415368282809,464.32769535586203,16439.52420863494
7,29,24.613189146263537,271153125.9211092,48.66493691870531,15206824711.669327
8,0,18.67031656911834,619486.1403687239,259.7869154989537,44260275.89549831
8,1,12.853530724108808,79.86973570300705,450.6334325949558,7823.941109112271
8,2,5.9672970122789994,13.05059152292964,665.2621191361736,2737.350159185403
8,3,11.799151270992901,502.19856353312434,525.1601612350325,44158.691125367215
8,4,9.412425083229959,42.60101352322718,541.9541631512049,5414.6339437356255
8,5,7.842527517415892,31.89122379315331,595.8132758736626,4666.656413883371
8,6,13.237125290441028,10123692.136665128,455.6943457458279,786467552.9194815
8,7,7.818013520793427,21.925567659513312,582.3259839190371,3621.7246064848428
8,8,18.057612647308893,12016095.16114711,250.19300936561677,850066134.383944
8,9,12.637637331180276,9764225.698383743,440.981083688524,808190382.112659
8,10,8.87353954588404,49.83823586413088,503.12510669466326,6557.004236002754
8,11,8.021786436750357,41.36052185192757,592.8971653259912,5163.317045017187
8,12,8.554860902814358,24.04966318276184,487.56159067949824,3651.7833858646686
8,13,11.14912444767112,76.88624314462082,437.3126562520287,7861.7138140416455
8,14,8.956115981284352,48.68535276943069,530.6004903805753,5800.718491518895
8,15,13.868393140428473,6682440.827657344,431.90076731856925,484571350.4402411
8,16,6.0173036334818,19.502120643794626,617.9441273416903,3463.369961854883
8,17,18.94325340187419,763286712.6670219,259.22616179449113,47978323288.96222
8,18,20.570173154865877,2893142.569895272,219.64193396179866,172610964.9882683
8,19,14.727570370631444,46485630.527112685,400.0349203278827,3320096374.204582
8,20,17.445707081708157,48586041.16252202,273.9861439731227,3284306345.123609
8,21,6.494472725638884,20.173938330883708,631.1383497175977,3434.945477092706
8,22,5.56186850746533,9.30524746946573,592.01982735654,2340.3838325364222
8,23,15.613138391965716,3156736.8420754266,363.6045959608185,224140038.23972547
8,24,15.6322680754676,75.64306140375362,231.1359682425337,7154.681506228313
8,25,13.414905868554289,27792.59138570422,433.23853423678713,2132228.5504247188
8,26,27.221411647948397,431889.3989926639,54.546699922863816,22256617.456961744
8,27,14.440597095069972,5460273.061859213,433.8493046427718,385789806.29960155
8,28,4.9019525152207155,15.86772045534197,717.7398753852726,3028.5813433997646
8,29,22.458639264205246,22651429.493404306,98.48716578239411,1350085365.6268363
9,0,27.277442706758443,1217312.929258692,25.575460858786393,69792053.58935097
9,1,6.5316360822587125,19.348934283329896,650.4429171476145,3489.4489338821186
9,2,7.300892906510981,31.144346908669984,641.8590200191178,4634.516861297798
9,3,10.118222446604829,44.423617224376,485.61498772568405,5656.4806873010575
9,4,11.810993887967902,46.86717706855928,421.11744573140504,5471.061467694372
9,5,18.15157146052563,3070100317.04835,286.75782599743997,211322893765.3592
9,6,16.11335322908966,522.2559878447673,354.2158690547135,38757.38639330208
9,7,7.040778464698251,21.973116421494044,627.2094360673375,3684.584613983942
9,8,11.849353016904345,186.13680369072466,446.6317733302885,17986.828967524038
9,9,15.973602978921512,3589676.445442361,308.30484304613594,265522827.43290082
9,10,8.326592588902182,21.91497469314339,528.5725511038859,3520.037597429494
9,11,17.080950408238003,46649323.78133121,305.7962060922375,3111312948.2449865
9,12,15.154806506474753,117156406.85122925,349.4142537527336,8549018734.133202
9,13,7.397797711047808,29.49853435791005,617.8458227595183,4135.421140643315
9,14,13.759919160327463,857.2031376192417,404.5536417263129,66124.22848597297
9,15,6.572283329703563,37.34427993168936,625.5558016429982,5399.807091833529
9,16,8.957333676142586,31.58324729531801,466.5797354008921,4424.308000961344
9,17,8.404087182582936,21.61502903723893,477.2064083040405,3495.1712028817274
9,18,16.19783257327758,714.8157238943438,327.73406616816567,50608.67580564998
9,19,41.17307189695404,139614175.44600654,-263.46516621571914,5834592377.410086
9,20,12.21463435198143,65353444.86194634,456.55387089829185,5327781502.190584
9,21,8.65629832405347,35.02973179035241,527.3420349975665,4773.338314606966
9,22,15.266489519922118,13324.592475356141,345.78519853316425,992253.2458301252
9,23,18.8818149095676,1848713.8183688815,266.02386408447717,116176315.49235094
9,24,7.174942026952863,31.40688718866414,615.3688395487686,4550.651839436015
9,25,17.709867594384885,740776.4804841812,316.9103230144418,47682956.162415974
9,26,7.82119393447099,24.797436106026172,549.4716531120488,3791.992686266378
9,27,9.01874715754612,25.93586550048891,445.789150928907,3858.020108953854
9,28,10.038373026371726,47.024113098715674,456.69555966690314,5454.881665529296
9,29,6.76637806850359,17.905820315876333,581.5912490966791,3079.2238281585805
10,0,18.05911755324539,42296762.40002163,297.53902963501855,3033591072.1939573
10,1,13.870148328907604,51.301599131379255,361.0465012948071,5606.5614630392365
10,2,13.108747953603174,292.5180773686958,446.61936630481705,25079.687710742815
10,3,14.183489140788987,8546.63353125839,405.3499188280356,683019.6384740706
10,4,8.838432790508598,64.03841231840751,614.7417285191123,7597.374674773548
10,5,6.026496238510379,28.596371157230188,751.1651527477532,4507.977891254345
10,6,8.28341987254128,26.722055319025987,541.5278595912627,4077.4002288169154
10,7,16.753207739806257,121.24144414813298,316.36158402874037,10051.283368493005
10,8,7.501831208085704,136.9253144135032,673.7001331858762,16645.469563421793
10,9,9.882862977337087,43.533264032418124,478.2337550625815,5535.630012938218
10,10,7.689266511414754,25.65285350676227,557.1764399124149,4051.504254648785
10,11,14.418133879209492,145.33132630891805,326.5404682959161,12504.807524960957
10,12,5.473362541016227,14.870597866892183,682.4228513803315,2860.49253329566
10,13,29.21745494408902,402461.61664421926,27.46228452659568,19470566.244593028
10,14,6.401628123056403,25.149857421671385,635.7719855884425,3949.2033863660636
10,15,16.985928359287925,1667.8343375030045,311.32698726361446,111767.76786034915
10,16,7.319450047971269,42.67989406019933,624.9843398712367,5563.458732761395
10,17,23.463814308516326,58345323.73311844,123.5782926485474,3297878474.0970507
10,18,10.107463175422616,100.43301406059265,521.1135480334292,10302.802656921725
10,19,9.071006409973538,44.92575654721059,507.6886631298187,5659.854153160839
10,20,16.401178266934153,35473558.04288002,347.28128274858113,2411156335.2526493
10,21,21.47355267356117,77185042.74728508,197.72737020156572,4511244760.611931
10,22,9.23514205233337,35.71391033712037,475.78778627889744,4830.222715555393
10,23,12.251899390252348,4180598.5434521483,460.1646698360248,342758548.71794057
10,24,11.138220078944112,353099.4627123208,517.4586490188444,30135431.99583237
10,25,7.62745256775848,21.819307217923928,543.0519725954649,3551.7336530441353
10,26,12.86107828122443,73.6115268843018,401.7185667253883,6989.459831260495
10,27,5.80499376454963,14.570062770122068,615.8156445068048,2928.7808439337646
10,28,11.55422362170587,49.614970390038835,415.309549152228,5359.95262339573
10,29,21.43358719728869,535142.0536140774,178.41136227447623,31121501.553054977
11,0,18.852104850864816,113360572.98134005,289.1073670239873,7807711170.915497
11,1,11.519758985450942,67.35593224259404,494.60637807040587,7225.379674667485
11,2,13.928210071123026,523.407737959069,412.6304396572218,43796.36157470709
11,3,26.210913565853637,298110689.9332041,100.29261545959514,16498983631.916388
11,4,9.330997068326091,64.36157045975045,563.3829717288362,7706.705355877808
11,5,18.196076730959327,283.51717057085034,266.7268359252389,21069.34901423916
11,6,15.246603567639216,98701417.92697519,382.82876412186033,7391512319.639833
11,7,13.591351681814992,1352.483486345479,406.6108197178585,112376.85836995611
11,8,11.072896614612372,231661783.55294454,507.3977897051517,21597175841.359806
11,9,7.0660621990603225,30.033239028459604,660.6030062352999,4368.961187712763
11,10,8.100884707277789,24.857893473159614,532.9635356917246,3935.5292978960224
11,11,22.40626566715605,17628953.819130756,134.45536290884,1030358029.7837461
11,12,7.076974601020124,17.995649235411797,543.6570524532716,3190.706716461681
11,13,15.989789968314604,790303.7551373048,326.1611858455001,55858229.61370452
11,14,17.685261342584457,2798330.120557874,276.673632798266,186384384.0107327
11,15,9.193773067100313,43.05239982439077,517.3004069828382,5325.270324726691
11,16,13.899426409690793,628921.3056037321,420.4428423474667,46600486.68370663
11,17,5.876575073935729,15.446748397374401,619.6127683297174,2998.4956672599756
11,18,13.567085900183127,7310100.623462135,408.796908271637,566113097.3969498
11,19,12.933166660595766,69.19043480334933,379.3826584246258,6829.781278168981
11,20,20.349521015015746,18756171.094182357,195.90231373161032,1177129512.1750355
11,21,6.976198123011875,16.376139858810127,567.7450790161506,3028.0915831332736
11,22,13.656069036556527,725.1675515425999,421.2937778126586,56093.70120177735
11,23,23.461536250623872,76918230.48329136,64.4758502513227,4592658529.436088
11,24,10.726028117310564,211359285.55628031,513.2461587314388,18666612483.845596
11,25,10.56222483316719,112.77048941789644,503.16256188882335,11141.206955231626
11,26,9.618040983340702,41.87769489632417,522.2965986498864,5000.395941140441
11,27,6.944680618012788,22.347896490709786,597.7464335574379,3602.1167477159042
11,28,15.404749390829714,10474279.787094878,374.6350989135916,721516996.8725806
11,29,7.789142131056325,20.34486227240244,522.1048955490994,3268.463267771733
12,0,13.200976972206664,76041099.5560123,486.73449238099585,6484338053.718465
12,1,21.705448245144307,1529835.3202011772,201.2933137710997,95908885.29031931
12,2,16.53941103945118,159.21905042555454,274.501881697008,13404.917178554839
12,3,18.165971793445223,2476.4801104522867,291.35151542571657,171995.14469758666
12,4,17.578534449852555,257.94923800474504,281.5611044141515,19725.444048652163
12,5,12.631973208613354,913341.3023090912,485.34870018293094,76437875.4666819
12,6,13.455719021812587,1267.3064942474973,444.26219322726934,101985.82609346566
12,7,10.282925446459547,36.92709772095191,517.2503821710894,4714.633762721165
12,8,20.17685633748158,470.9202981050746,129.21658076997267,34392.67383065389
12,9,8.684984240143688,33.148438040842294,531.6157054988084,4662.10159857218
12,10,19.43429120625082,305929802.25810623,199.6955642454162,20605523162.20645
12,11,12.919582953119665,159919919.6115569,465.37721746275497,12238149798.281466
12,12,5.450821723124745,11.522158862731622,642.4614984620251,2530.3718733147784
12,13,13.927465653889175,56.81776822019984,290.8773683847365,5887.149148328744
12,14,15.643294797438152,922290877.6062312,378.7500240178129,62658837321.932236
12,15,7.511344897492345,22.898016768620753,570.8846969532005,3586.331976769684
12,16,11.303461801550494,38.40161221717213,406.74158358134713,4646.6190525155835
12,17,16.33816617370875,7075160.718761959,344.71938327494547,489137338.9293339
12,18,11.300587512513122,48.099421310517236,425.29772238376944,5457.843838966013
12,19,17.014466038631127,375.2407939521398,279.0050404009593,27303.5488861808
12,20,7.614180387541774,18.356275622345375,557.8160805666415,3066.170544824309
12,21,13.942979231428833,1034364.9231589448,383.04563159030647,80741789.0888995
12,22,17.72066047887887,8576340.089591298,305.60678223476623,564516991.7464919
12,23,11.825490692529097,55682636.4803057,477.71028214338185,4644195232.257003
12,24,24.89882682827649,23398467.713940054,94.31564073009399,1292335537.2577083
12,25,6.30763208882073,20.66588467379264,650.3074017661731,3517.689152862341
12,26,12.197939064199026,111.26658310687921,447.2219797335382,10238.68285571414
12,27,9.179970371627771,36.53912646777903,523.265327318649,4633.680395472693
12,28,16.54187748850861,187534907.61842555,328.7037847494505,12605396905.996153
12,29,6.384284594360864,31.275383169651587,660.6174985602913,4552.228463558472
13,0,14.415023062846098,157.23323279496248,394.32697603201393,14495.817633599934
13,1,21.116828079092837,214757.18582504566,229.663586411038,13499727.718559898
13,2,17.35026198947341,58435512.87907961,353.33338332133906,4041849837.763047
13,3,8.361427925613425,18.68719128378048,533.4303240866277,3274.843378068658
13,4,14.850136914187651,307.90005202226314,389.28285657120546,25072.59909855303
13,5,17.917580519169448,3470520.525720124,295.5594088347983,238990161.0038531
13,6,15.230640974379584,5994981.192389958,384.28637353703976,445886175.88287055
13,7,5.987287456841207,15.322514637677486,676.3364736908368,3048.243111787965
13,8,11.6092398574884,55343244.66227407,502.6697908283484,4886724111.692968
13,9,9.61993029557752,20.02372430574243,445.3083345327252,3269.483570539032
13,10,14.174918183435139,2774296.064843684,406.8486137461579,216125695.46973574
13,11,20.835811569420443,11948007.254559008,199.68975111941216,725631394.4060998
13,12,8.950978357838604,27.93056125419811,503.8556341627075,3868.152257166146
13,13,20.346706060142886,796.5797263832803,223.2140534132456,49681.061391819094
13,14,4.74380719629305,15.522335315066126,762.1271785210257,3079.3966550953373
13,15,17.59902551838021,88977513.93766361,292.6408620111125,5896877217.441624
13,16,11.718361702757608,72135136.48373792,473.10081479026195,6073712684.446709
13,17,15.389941795031486,30589109.189458948,362.488778003843,2204594142.0972137
13,18,12.962587510760605,7082558.273833767,451.08716253950126,555805586.1474466
13,19,5.085244563180227,13.08520017310951,716.4535994421951,2666.9687552655323
13,20,7.427039199344865,28.92433931682951,615.968915230477,4146.120336556111
13,21,10.957330668611103,8481.849482107278,530.2059988306728,720754.4973641196
13,22,18.976869872240652,1609430.4983377825,253.21763081415168,102606239.96550736
13,23,6.108772535931136,18.23173605866679,651.0559174750846,3249.0076554869283
13,24,21.220767715682452,2740150293.6264267,140.9944037001665,171219237314.34805
13,25,13.516152410599254,2484744.3985253237,401.0114217709124,192451126.43394333
13,26,9.709382779825258,38.27856794201939,453.37877031133917,4975.347009409255
13,27,11.236656156974382,106040410.36748075,515.7308259411127,8755471072.965076
13,28,14.424682715264945,106944794.29583484,398.59418394714396,7771020529.414738
13,29,7.183220095274205,50.595821419530225,597.5250027963276,6759.430383336778
14,0,24.375013884783396,164852.36786938243,128.96399046057792,10007232.211030763
14,1,8.957233504349624,95.37770736748973,629.87296830241,10840.380758663789
14,2,18.478137744056525,268.33837707376654,267.6037180621921,19664.438235414316
14,3,9.62780322838817,43.69550513307854,533.3719086695301,5667.45529843568
14,4,9.781249644585198,39.01306065416111,524.5127540977154,5127.398882247851
14,5,8.470042605958351,23.588495565700228,542.2316793971332,3832.1660238468467
14,6,6.464064119654269,16.876656353744284,667.2553115156044,3082.910116281455
14,7,9.67968333197123,42.4419431582793,516.4713436597328,5555.645612736415
14,8,6.665859812381402,25.664265529306384,643.6546039708569,4342.454402848076
14,9,10.722018421427952,3465.115519924412,559.5811195797783,308823.2024638986
14,10,10.021388464386913,35.548619614938985,496.07240859533306,4673.739810660647
14,11,5.662808096714661,19.585001348133446,676.780946850271,3537.4681760300546
14,12,9.49261739131482,30.831770083343983,486.0319933286489,4114.559140119051
14,13,17.286980245735595,6186390.593050793,297.1761062172758,413136469.5453973
14,14,5.231352812883584,12.545887673263621,661.8224763640249,2724.0325628268165
14,15,16.498377285960316,58141679.76972639,379.4151872606302,3854004669.7445145
14,16,4.035585600451521,12.048378899746492,796.4879125737934,2644.0362027553465
14,17,17.48506696505451,11454742.241853612,314.8532340547109,763667072.302639
14,18,11.411086272494906,83.10325408723673,458.1429667527025,8366.224800165688
14,19,4.502971526463505,9.230577401117893,706.65208701077,2319.167030154893
14,20,15.247132889469135,81.08180481911215,259.5557857394464,7669.329185877503
14,21,14.354843505051818,1726.1020510278813,391.2869089964993,131146.76002906472
14,22,10.876503786041706,278.35355728752364,486.6058187683762,26166.25591744689
14,23,11.337850852034439,239183540.48928332,504.66194887971494,20352313860.497833
14,24,6.902150439000339,22.77653246457543,642.4142680616251,3533.1317581226804
14,25,6.891486159075667,18.080796941768817,597.2380364059273,3143.50122655455
14,26,9.5139842697706,40.84258000044579,501.0498061629733,5065.342417840775
14,27,13.852159003925962,145.68081204893934,350.58857690461895,12759.43737826231
14,28,15.841740729434672,1486995.08484178,363.381618764262,100496732.20720841
14,29,7.050146391363452,37.814919209168266,600.3454006323828,5277.815415062756
15,0,11.92005536489767,82.32738281073779,492.6071513240181,8916.518165960557
15,1,6.796503014423486,31.478359697277387,686.7723338042917,4973.609662164972
15,2,11.205820944635995,56.207633583564046,464.03499879813745,6486.195609673667
15,3,6.18943081055464,14.493189641230016,659.6172754145136,3009.6346152689084
15,4,20.45853588956387,55993768.63890006,206.87443905704288,3659917881.113387
15,5,19.093620354038336,23116311.21101643,270.7804545395412,1548758765.2764225
15,6,15.227816919655798,939283.3128821247,431.2041312368399,68087523.51350424
15,7,18.235625863455944,374506.8655567346,277.01104730254553,25697379.983606715
15,8,9.48715949504543,3454776.788500687,603.9371653960361,339387279.82606363
15,9,10.071155013630783,52.441714474160065,476.06092138748306,6523.7904695730795
15,10,25.297259879510765,11838629.030380365,80.19658951843078,668311712.5749328
15,11,16.139756047268975,229.69648058183913,303.32801412874767,17702.24522075263
15,12,14.785873151414023,4108.400955024135,355.7459891288986,302409.42515637825
15,13,11.27469855745,150420030.79121473,533.1187973777792,12477291242.156075
15,14,18.172117865564545,1513759.717974952,222.27162238785365,104308461.31510887
15,15,14.131691215436017,3824521.0037364494,440.09661292998,276940287.7821872
15,16,23.728545617709997,31953345.720430516,104.4259584992306,1831452745.434052
15,17,14.727292446879385,439.71533985283827,375.9526893923053,34083.11766965772
15,18,15.51008717015418,321684.9814750856,334.7752151839662,23551088.513254628
15,19,11.842645131852438,171.09854616901438,442.4584589124105,15929.006116325463
15,20,8.8393231350348,45.46101467367254,562.8685872558949,5547.355604311024
15,21,12.980679687554122,69.50911265433916,374.95888997629345,6988.784218585363
15,22,7.760500222317791,38.507934208327406,612.5167323113393,5117.62108806395
15,23,9.478205336634861,25.462712737201194,421.3347960750451,3838.2208697789974
15,24,7.3648807131012095,15.801059095994187,517.6769849364887,3001.004430345138
15,25,13.314954486770947,18842343.161041874,405.4031722133003,1503923507.102375
15,26,20.84551283062704,38643235.40876141,168.6834286686954,2408192982.9547257
15,27,15.517811184871794,1551568.8960921678,353.9100665113186,110555315.59355193
15,28,19.43711040821388,3334801.2228914984,228.9843604347389,210411280.83465174
15,29,7.518680047472561,47.578110200828995,567.99044991609,6389.3758895397
16,0,6.494194220719534,24.236150540027595,705.999685220299,4373.76162494554
16,1,7.965669748605711,21.20502317155448,570.2071106533526,3659.4495291021917
16,2,9.71286231727252,48.53277667851272,522.3252646776898,6105.8662811563445
16,3,6.7892542106586244,18.26826760720499,649.181150892993,3364.687313105087
16,4,8.678314391647913,52.07457500902754,603.0416136911813,6621.932266050742
16,5,16.067470353858923,22985038.994600188,335.64121175620005,1726670191.6898286
16,6,6.989139881624331,16.76785957317444,601.9991930496611,3138.5493768181805
16,7,13.012192378770116,74.51779086699506,403.2636061955806,7689.193226117396
16,8,14.558860643610055,2692587.1437255563,335.82773188473413,223676911.5189054
16,9,11.912366556482336,4271788.46620829,510.5705923085927,357249477.40330267
16,10,5.967029645039931,12.516072793833754,635.5629946688828,2706.939650294503
16,11,6.679263324113512,25.01777419028719,626.5572195255228,3998.7472749847275
16,12,8.194757398293543,37.47824849375918,547.626581455841,5098.796067048026
16,13,15.240314170262593,4362675.278773677,362.1744245760352,315586467.1584506
16,14,7.42443186072229,26.600048416102226,582.1673582486399,4078.9989597986605
16,15,14.392508488780926,219.95370776726855,393.2738242884499,17435.05580989724
16,16,5.6288779110462155,12.207466482607344,661.5824566108693,2579.213710832235
16,17,21.19486039597594,70521275.68529676,201.3856680813574,4281462217.4227715
16,18,17.855538864868166,1538058690.0180125,294.5792281459352,102169183948.81975
16,19,16.884601511198436,1580296.427057499,294.8835635072152,112173619.60304227
16,20,12.180681562611731,86.55059559680709,407.36049333723065,8825.24961747025
16,21,7.5574926909123725,25.601862797183493,588.9576741227004,3864.7977532937384
16,22,13.244095238415824,601.2132630092171,450.6891601819889,47710.82494588444
16,23,15.57321929674594,19359.717141252335,388.3226550712536,1347539.7966543948
16,24,5.728308053771519,13.677347615166667,706.207102737246,2611.8743236029113
16,25,12.982846085914957,2861.8537270238994,447.97592046160185,224194.61014810554
16,26,18.94982043824217,19890947.030245584,227.33096135496655,1307115253.432529
16,27,21.526396574617124,8001.91002430039,183.72991120158463,477098.359024894
16,28,9.925701785987176,51.409275953527946,514.6873040282503,5769.913204638264
16,29,8.733154385889794,53.13487444058055,546.2601009141613,6381.310378385429
17,0,22.0556771291889,60738371.693780616,242.23926721676708,3821041973.462672
17,1,17.708428067003698,29178789.544657264,349.07976073513066,1998837794.810832
17,2,18.969592956820456,22840993.317080505,326.21373916718017,1453425030.5603848
17,3,7.228544350991466,44.11537708935457,689.2594564690999,6136.242982281361
17,4,10.624113880321215,36.08902346193172,480.0903413295106,4737.586786596451
17,5,7.979582228017808,25.053874555559595,636.0131016276232,3862.1109367800323
17,6,9.854896863084594,41.21721811574263,476.8009799262921,5400.681235910277
17,7,11.319866178023513,3790583.055188817,542.403086341988,335965630.3708017
17,8,8.603293312752761,69.488509172452,595.1146166387135,8704.103055326523
17,9,14.576539968729001,2041780.192381578,377.68293785521183,159721907.20501325
17,10,9.40345545378771,33.89860592933407,477.8338029308839,4823.612054998215
17,11,16.874930472923012,6238.628847229749,311.7702294321741,433123.06906150864
17,12,17.16230797616484,284.590071512035,271.61166181583917,21034.547250689116
17,13,10.565043356670142,43.42771832415646,438.6741309770611,5251.393127422403
17,14,10.126394553966804,174.93653145928633,530.1910197719089,17191.40624689293
17,15,6.7119665241836355,24.77554274802872,629.1108636891248,3903.102529383774
17,16,8.35830397350652,51.714068965967215,582.3665659343279,6389.796565282388
17,17,8.667352085884769,34.16780962865137,534.2616982140498,4674.979933404383
17,18,11.229137198320318,134.19015008333724,491.50804264290946,12602.810700740923
17,19,13.358332422330726,73.02804022523205,326.70030294879246,7418.559100178249
17,20,19.597901720055468,376.68008885274617,174.27089246342086,26313.76931220921
17,21,24.32918150010218,20306021.145867847,90.25980739587234,1172778143.726171
17,22,11.896663089450794,46.799961195772696,393.4096093429809,5349.0382103254315
17,23,12.559815919413548,1506282.2990934427,460.9666128684446,121078780.63496603
17,24,8.316029519019732,33.442218976318216,544.8012182907141,4725.829102586744
17,25,6.856035168830788,16.843008180652344,569.8270478228469,3125.7679929190053
17,26,8.650206237605996,37.57868260462217,531.0624736363524,5107.9370217821415
17,27,6.157897891176956,18.536749151163,623.1046521415211,3336.456802658284
17,28,14.84812990527849,13805401.403567541,389.55840806500146,991575454.7065713
17,29,7.109252112833712,33.54458279182694,596.9643585110488,4953.354548261403
18,0,19.035278953292043,107167672.83035962,345.25488794819523,7224984306.9477625
18,1,13.49663981383482,147.91556713285473,431.8191477485739,13575.866512858733
18,2,14.355782750614058,222516373.27646196,431.8134141060499,17330286855.70222
18,3,13.005932495372967,83.21712101360936,407.16454666564664,8637.908156732039
18,4,14.129892084028882,91444477.82487124,444.568502158745,7233198534.354046
18,5,14.906533294812451,30353901.311167877,420.7441497772264,2328817807.971937
18,6,10.606007416205667,41.98206320437038,438.3974119024349,5414.346760716802
18,7,12.4354139908504,82.44170742984468,434.0549546868456,8536.913753160385
18,8,8.616656693085478,29.946298172676798,521.9067494131721,4585.316489784544
18,9,16.892746451100965,2019614.341455954,314.7582271166269,142334334.6779322
18,10,18.32401624420048,15585215.125390183,261.12667534445245,1072783928.8774039
18,11,14.3400901471374,1726656.8454846274,426.82168607228095,127765186.2119005
18,12,10.3370117697371,29.66739690896432,470.730557893118,3910.4833226958385
18,13,7.654192459135171,37.86499814792103,603.3734056376924,5197.377308574192
18,14,20.425885448955995,2761272.131831942,200.14829715354904,170228041.4690768
18,15,18.743317330099295,2108715.224544725,280.33703831033336,135111187.6327877
18,16,15.53331851170984,8598554.85477005,400.5514442071634,599524760.0951915
18,17,6.815007983074107,25.571496603658886,632.8928774052474,4087.3489880304105
18,18,14.61300085433053,6732.83250052738,415.62869095849317,494739.6978471837
18,19,17.68596643671235,1308.648957725109,279.7519744947755,90427.17223038326
18,20,7.2373010196735414,26.622545915306866,614.9072953947667,4127.756395884934
18,21,13.892264847265164,46768070.17536232,429.43623559083073,3547050631.2068157
18,22,14.295677304584686,414.4550670984587,376.2015701989769,33135.53531371481
18,23,8.891098069876612,55.45511877858459,584.4103166524137,6495.135419151689
18,24,9.597579581475877,27.819298830817875,456.4100999476428,3953.217877537457
18,25,16.81963390926113,1366.1526145754929,335.85682108781856,94083.66917133974
18,26,15.379879954175651,722.3790064251286,356.24544510088265,53774.542486571605
18,27,12.795228378631016,139.7051182067296,453.38771222977016,11953.268648579033
18,28,16.661970611106767,377745010.8082808,327.2649936021103,25654797674.37468
18,29,13.545981761819057,191.26021953953256,383.86023095030305,16261.35017657599
19,0,7.8290889694791,23.442747360051023,613.0549769346067,3987.768486356701
19,1,11.779301731187381,91.50432964627907,441.9581337831945,10158.21901528267
19,2,10.019505939480911,33.30418087843706,492.0784126576236,4613.77650543478
19,3,26.972099677123012,65493678.78989891,47.52027844764147,3673712015.09348
19,4,8.84557124374635,20.269271572868856,507.4691897866639,3474.084167758857
19,5,8.348787044488443,44.629519731801466,588.3631601159422,6129.531792448826
19,6,12.896156431497765,500.6554169892531,479.0170187290105,42624.22885211071
19,7,11.662971314725631,98.27973706812904,462.4216105136192,10211.869933873066
19,8,12.689075140663665,46808538.22373972,458.34427668034766,4035296221.30401
19,9,11.330672907152675,124.80772871224218,506.6916983202349,12229.664040407766
19,10,11.741525938414945,62.1623027558324,397.52734431076743,7104.746555529142
19,11,12.86618858365833,887887.4358581444,421.85211756564934,72235501.10343441
19,12,11.315500090423846,68.75029259325626,432.89303194370916,7354.692554924024
19,13,13.099798987760538,12585475.793559253,449.7616112816802,976954128.4606793
19,14,18.594560896839255,651691.2571122373,299.42546989133837,41662454.08234032
19,15,10.922820755041755,51.71148522491883,423.8168922498097,6095.573905485649
19,16,11.276338699010129,29.101674898646728,374.50999416466345,3996.341189181261
19,17,9.722763987749662,36.5406817761637,503.62424657918075,4644.049870979514
19,18,17.830719612016697,1596299.5683659674,247.08113792844316,110669445.93817002
19,19,13.418993265520506,112.89256984817568,362.3202786217713,10723.3005702439
19,20,18.377334453997026,587164146.906492,272.1820624480042,38442963045.91054
19,21,10.019050546358368,36.982141307020186,505.7779506882132,4568.959129524741
19,22,9.626686528213849,37.77992833157421,497.16428680775147,4853.895856939229
19,23,15.821834884474995,812.8339396359106,341.4870476171036,59961.44002713775
19,24,14.75732732952968,100.79952852013292,342.9483453645471,8920.675823034926
19,25,5.887340300180277,11.721628135889103,621.6793658012494,2562.9890391355975
19,26,10.669586188395431,38.63330267721974,435.90949825917824,4755.723806439656
19,27,11.291968795757207,2198082.141986111,516.8454142150651,186456630.98388842
19,28,14.03034563580541,92.774435295398,360.4517988002041,8319.530805592582
19,29,7.150511794137733,22.5183786432235,584.5568177639759,3552.287299652442
20,0,10.179713892259592,79.30711596252158,592.2363352386802,9249.532077186253
20,1,10.364677873799405,47.30807119290691,539.29140275383,5803.227648800104
20,2,15.218657004348653,1664150.653065867,437.01457215144177,121719608.97171119
20,3,16.99972063299095,235.93995417866898,322.51652484777173,18664.55652203771
20,4,13.326788850527905,58.34776063098969,364.4700762102895,6474.975030805344
20,5,17.466724811410806,315.95129724932235,278.1479746654579,24739.217038371142
20,6,21.562382531663044,42861242.45571184,206.88684262901677,2626632019.405732
20,7,19.49617248555063,236.55702368562186,167.77179245131015,18372.51074016872
20,8,15.453568994277372,1895.252039772645,367.73937908122485,147923.00267696165
20,9,9.821176624433338,50.539390942180724,550.5886588372726,5982.933743200454
20,10,7.7368616233545655,15.049387378714062,505.03538893012535,3007.0122693107533
20,11,13.824093377429335,70910129.33446956,435.3007846368722,5346114579.393362
20,12,14.958549782876354,82.72448208738626,310.0837086671752,7617.641375689867
20,13,6.9437763271558115,26.73464475228421,633.9392221068799,4086.7856444322842
20,14,5.975430625826162,14.778206424284548,640.1881859948339,2953.578014106807
20,15,13.870608699393749,142.02647760889812,416.26697831889305,11983.661946946144
20,16,8.061759185294118,43.70823280506906,620.8240234464868,5569.9840039127575
20,17,8.788087841004192,73.83020369118088,580.8173753181006,8598.401994919332
20,18,10.676260553520102,57.20544892648701,488.6275420527628,6399.214032848712
20,19,14.077153133154749,315124.93581688707,388.4597676625962,24602093.696364753
20,20,4.817579504154979,13.18765474096087,710.2353408365732,2917.494816840047
20,21,33.90262689644656,5267689.350062931,-169.99811592898135,260424950.13805938
20,22,13.469647484025593,60.704346248832636,350.23236768208494,6280.224980455039
20,23,21.145308334533034,71632194.38283254,183.22021902145784,4416407322.304664
20,24,5.033222565908096,16.17657561240881,744.74635397051,3113.9692221147516
20,25,15.260796604644465,1328287.0629796607,326.15850220255203,101603013.31686947
20,26,17.289676052616272,8019.233979381528,327.08014194421594,537083.9804581217
20,27,6.692359556203076,25.969871315306015,657.770599107794,3995.154258439362
20,28,5.912453907885842,15.852393285979648,633.5661214134523,3102.661373371464
20,29,14.731451839376188,47017605.277878374,378.6461574212808,3423163429.071413
21,0,16.37296382707748,190666207.37645546,419.2453788930821,14113864663.337973
21,1,15.394821009607703,229.96564961322656,362.44750239021084,19421.72981757109
21,2,21.321794810717428,1706.8968538020217,202.82967946039406,109482.34613269853
21,3,24.287324741523296,629539626.592977,118.40427987633907,37673359733.06038
21,4,13.496398222565656,6314219.60112282,480.8189331859361,508407259.11121094
21,5,22.70890735536541,423.81813872940575,167.6086394403352,27527.991552280262
21,6,5.966963953054213,17.183601293349444,682.513269790267,3330.421676301822
21,7,9.087022361078436,35.210060283088055,538.9692254433771,4996.93712853314
21,8,10.217478658385375,49594040.75627755,544.198396435716,4946317959.843561
21,9,9.70994720909972,42.59739909260122,510.3732811997497,5493.780313441277
21,10,9.286203960691235,26.31484400892346,461.8015838995937,4051.468438489067
21,11,10.052893791487836,33.6740469567273,425.4808652107279,4568.198017269897
21,12,15.961767871675871,3879678.308710566,343.55341003398837,277400831.581432
21,13,16.822674883605885,25675375.178641345,339.36759362230435,1732475680.3860273
21,14,14.767771937258146,525.8133221820308,382.51827206871076,39982.99615991404
21,15,6.107294685344625,20.53351740339437,689.5017606211215,3483.8413959214454
21,16,20.484345667538634,7105.085159575421,214.88960073607257,441411.97212959896
21,17,5.943973094156542,16.85225410918647,662.4568551482263,3177.5239407812087
21,18,6.7865192997116335,23.8508237737473,637.9240136588392,3887.7528807962512
21,19,10.967181753928372,113.21320962371516,484.72041432482933,11373.876919103255
21,20,13.405588674686921,18072437.112557866,397.3040972800261,1493463423.9173756
21,21,8.385831487562495,37.49670732282655,572.2703826271049,5052.726055656645
21,22,18.900329249065102,2468.7692170251285,247.6032768864609,164814.796457063
21,23,4.9578605163226,10.919805494241743,695.6597256005161,2528.7902132837244
21,24,19.35737489346095,361710559.5597957,291.3513537720919,22391318000.614082
21,25,13.0163353283919,3719300.7259158464,476.2413328604018,282352084.4866272
21,26,7.45761149963651,35.418882623640826,636.3825677880197,4881.415228542208
21,27,6.145892159033561,36.168395231159025,710.4007619111668,5123.32081642439
21,28,15.654999467647288,27084397.959564626,377.15289767675574,1880885502.002831
21,29,9.16080231667507,34.95101349946961,486.4404341063593,4621.364785557269
22,0,8.425394454572714,50.611460222175516,667.8336990114467,6782.082536422378
22,1,6.425329990437406,12.401726472481908,638.1208481706238,2824.667101311433
22,2,22.022507141383176,86045338.39087614,224.64447819004494,5233628402.998266
22,3,8.978758810810643,45.27477617376262,571.7875227193008,6054.863178298741
22,4,42.48440083077047,43296781.74987757,-355.87667600672853,1966732118.9290552
22,5,14.60680250580036,1818.1925014143462,424.6104825164082,146735.6707045344
22,6,12.234695551219268,55.5583333981064,419.9185300795741,6235.758360078096
22,7,16.280487145777634,55040239.6804297,352.5244011135982,4104776925.924225
22,8,7.0165221940702835,61.280320015211856,680.7639857314786,8570.64397978194
22,9,14.653901805583164,1497.1829672705828,382.7559496763302,117479.50288126388
22,10,13.399195525368402,1215441.5859403985,434.59071831040455,100409002.94798347
22,11,11.00041923840232,43.897081314377225,449.95882482212744,5116.735432058943
22,12,27.06966299215533,36078433.78434097,42.68679275151601,1912768077.7315896
22,13,14.144588159879165,3097957.599445693,416.5073648821035,232574299.82811716
22,14,6.732765081562345,28.9740688740428,663.8951799297366,4319.73399778156
22,15,19.507342485267436,50600607.38902469,207.9802547891632,3326624043.4394097
22,16,7.0243075652477085,18.544238235137477,585.6035094568256,3281.605796322828
22,17,19.147042892762357,696.3239944294205,253.30294167315049,46287.89183709159
22,18,17.755099376961596,3418058.3965619393,259.91296165675317,235942415.42892346
22,19,12.428783569525107,62.36164903544061,395.12330593758327,6675.166957780051
22,20,15.743436373444247,177.81261542292714,333.1339537081757,14377.292179135453
22,21,7.470777897998797,40.60354491871192,621.2714394867422,5629.983980984987
22,22,18.642204233454404,15054419.603596587,236.96012453803365,1020812507.8827629
22,23,5.4052905649929475,15.077072531459887,755.5576701930971,2750.7536848636073
22,24,21.377477583698376,745.937564383516,196.80170747159974,46424.1915411997
22,25,14.031245641643446,10987470.2776119,427.7287247572212,816137552.9487028
22,26,6.88697068315135,31.042466250275375,645.4067700930557,4599.9918023287855
22,27,8.87272137331179,28.99411885184305,521.6238216179852,4071.5632854130654
22,28,7.362968697933605,21.869859543067296,577.4769739295182,3529.1152205995277
22,29,9.279483725616267,70.89260034920258,538.7659749900943,7931.568204365318
23,0,13.389160409283374,357.90260311975203,476.82178753022856,32710.348145449876
23,1,17.713179731223086,2989854.250143165,333.9973523454029,213050886.59875435
23,2,16.86353547091186,13819958.020761656,370.46712862623315,985942333.7211239
23,3,14.657662901830125,49222689.98800138,410.8224165794187,3927876209.4141774
23,4,18.63121417240184,215.16312336442792,234.81248287621656,16829.1035470044
23,5,11.69022975510759,2526.574759900172,515.4989418578525,229755.758327045
23,6,19.551211948849073,1285.9302733657828,242.1791226528419,87051.16954289467
23,7,10.640649530298738,63278837.35234343,585.5545796130351,5820554919.870827
23,8,11.49089046813879,319.696010048207,479.1744406721217,31384.740759228487
23,9,13.751248059807757,56.85794339349805,342.05662645700517,6099.766883361714
23,10,12.939407479218113,57578155.08477437,452.19732741383325,4894630837.217106
23,11,9.290593734862721,33.00320598412631,521.2433444024689,4426.478265287282
23,12,7.428103350196064,47.42634203721127,645.1551482586,6204.445038389906
23,13,20.76441701291888,47339.303385977546,217.04332358697098,2858818.2821283946
23,14,14.569180430057273,1441.8633998820092,375.17188143332055,111803.51830796362
23,15,21.725196686451937,308.6512815443341,123.38246248545204,20689.860010203352
23,16,26.55852776627121,7104919.05814112,61.57648217909635,382237870.28639555
23,17,12.26798192845986,142.90349130016259,449.94330926424396,13430.055693677139
23,18,7.870600252918999,23.59702735055996,535.5980364560702,3797.31182965632
23,19,8.50119382728677,29.826942987312233,525.5300217133499,4343.695610923667
23,20,19.91734537575723,14721866.601670753,261.27075399446693,910267406.0440366
23,21,11.126059217777335,43.21626395768726,442.6595041639133,5099.773993806196
23,22,10.848827779088051,50.5667320795405,475.5510277507298,5735.959128027022
23,23,10.389375664251283,61.322250455883065,490.31476213956057,6922.156807970869
23,24,15.462057144933262,869.2833160770572,350.6832195417596,65103.68221684967
23,25,15.812897119560013,1127136.517861104,333.1811747384231,82136473.41055918
23,26,14.436447585882092,1537304.4489031164,366.1020594559982,117711588.1023526
23,27,10.222035526366902,72.18610785587381,484.57568983023924,7909.087465136331
23,28,9.297615123119353,32.31786068373481,485.88293666743704,4324.534565635592
23,29,10.184404052245903,58.00995442596185,489.04988141183156,6560.182731887133
24,0,22.33255505502928,197638243.1074859,232.69632523661087,12449880995.342434
24,1,10.076435706635873,33.37215075863352,482.6590273747968,4777.4376010764145
24,2,17.44359774340296,215.03953784138153,267.0078223505316,17487.90255717499
24,3,19.95322002062758,80602888.67502157,253.31804306058723,5405843982.98726
24,4,59.5389784394611,45277510.6320054,-682.6122353869021,1714820455.3504405
24,5,6.919749267484496,18.040639268694015,632.7732470671483,3414.363221925518
24,6,24.26398470743942,7976.692583415421,138.92497815913856,466851.0068965866
24,7,18.750482702987966,1824304.5324425655,260.553617557417,128100407.97939749
24,8,14.356306823487163,68416073.14263192,372.72831538942523,5743552667.524162
24,9,16.31593744014988,1418.031307437921,393.362273636384,100579.4189526957
24,10,18.806980925381737,2900657.293993093,296.0067386214925,191928833.46463543
24,11,13.53941721259752,788.9997574473673,442.8276037612146,62677.75904366364
24,12,10.305596055108516,65.59242112720482,526.3143993731617,7063.28543266685
24,13,22.278586670163342,858108.0313149143,180.47133548677658,50220575.27636059
24,14,14.124673060811599,275787.05369429453,396.95893341981275,21394905.727017436
24,15,7.816184152344098,22.815743911091516,573.3664325574549,3601.7222718756148
24,16,6.527752738078858,21.63474784055839,657.4663432570163,3684.877810393871
24,17,5.061824407896608,10.599887386985653,706.4288101957952,2494.221015553184
24,18,10.56873724459582,42.40165345887473,418.10747864972603,5415.826533510309
24,19,9.121801043278712,31.826965621487624,529.8551417712264,4368.055719606083
24,20,22.022330926092692,2192574.174232371,135.619117539871,136191388.1365204
24,21,21.645200287206237,402172182.81799126,156.1107982394999,24913993247.30637
24,22,6.245271233689381,17.9786724265408,650.0508236293412,3240.020931542811
24,23,12.930538242308437,61.17633557546944,329.68845152726567,6608.253314168864
24,24,15.110318390909566,113023406.65241271,388.83379865717563,8259312955.400204
24,25,4.843842903678535,13.754808576931245,728.6152454613803,2914.615782589701
24,26,13.854274635588936,352.2507723649419,444.7666501015823,27586.417164117236
24,27,7.550874007634583,26.01478736551009,599.6556255246708,3872.7341374663
24,28,14.615010312599566,302.32518726529884,362.4503037389968,23997.49198888767
24,29,17.12622487526854,24555811.175739728,306.7042364001388,1678949164.9582505
25,0,17.23043771451976,184331175.94965282,400.9726031605095,13391058730.2229
25,1,7.64850587777212,45.449259499443926,690.5855023913323,6260.525600805999
25,2,12.429467419461943,128.5027966749047,461.8306607855837,12681.099179810488
25,3,8.973215933370508,40.19169978497089,582.1554300817625,5518.707571359437
25,4,7.464587769558316,13.12484256669877,554.9096433460327,2819.110480358265
25,5,15.203391731025413,576.4330590132436,358.33051449690583,47692.10833341503
25,6,22.607590839271403,622870623.8321416,193.40584642008054,37229323361.19645
25,7,4.093977042201433,10.15635105112866,812.3599233069231,2596.9460034075382
25,8,11.333234297260098,92815392.12229958,483.49097899561775,8856143687.225674
25,9,13.402360650874595,1923260.4235668608,468.8667930941874,153494547.42246377
25,10,7.095973738341355,22.727440512180173,654.7168318114763,3691.3072499159543
25,11,20.59108242284057,4184745.6103695,240.4894785179943,255985969.9057476
25,12,6.52190342566743,18.863028782917162,638.413723665192,3296.9991189931716
25,13,7.353627983180342,38.00145511399114,623.5707859861216,5325.55196888826
25,14,14.6885947500028,204887636.7804406,368.77238810958977,15418597153.278702
25,15,13.901150957967577,1917375382.4455638,440.88793545730164,145450668262.82556
25,16,14.724631242780127,73.05050818325776,286.6482627464304,7178.427381890541
25,17,20.16460455054487,29472517.765183233,248.64523907276282,1828772766.5447729
25,18,25.191140222789898,35113476.67719911,79.98545283694023,1979052079.7268696
25,19,7.0396277702323165,22.679980207659742,585.6478129214897,3884.3910148385526
25,20,18.77836473947718,808076696.4698927,233.56776028081504,55197315156.24673
25,21,16.10641100972287,2893.9059455614542,371.3854959513685,203048.1203120788
25,22,12.563133518260386,147.9541506278101,448.5153077119551,13673.788324623587
25,23,11.209550713744587,34.555469877117375,417.29446435333836,4368.871493684239
25,24,7.0123240614853355,20.408043521444476,638.8488345773183,3405.5539377763025
25,25,16.272667813347717,48143699.382162474,341.3583414245211,3348847834.165345
25,26,16.038083473939345,249.2273252958663,347.20591725827524,18738.584031836723
25,27,23.769793170425423,358429712.4399707,112.68362083724783,20636498295.696045
25,28,13.895629709781069,8998.422122934768,397.6932689995442,699993.5086509227
25,29,11.797335781596399,112.00345601539956,432.9395108877818,10829.98711252091
26,0,21.535489660129084,1384609032.23425,250.59885572000118,89852859430.43475
26,1,10.718116653038916,28.90581472201133,412.71478512056404,4394.4168599540535
26,2,16.23916199353547,1054.2381750300315,353.9110237829793,80835.64417182279
26,3,13.106357370255207,99747744.12153822,495.6738509711882,8227680269.777383
26,4,10.293790177102931,48.155331683652065,535.1643298284232,5883.736880998418
26,5,17.418969259524353,308830.026748087,369.45477316629365,21681684.078326397
26,6,11.67740503346544,52.887307780356196,431.1953659105468,6119.85943312872
26,7,17.467219593416644,184.13428954473545,274.5237404254136,14892.441376472809
26,8,7.47621794589368,65.01224377651076,660.7921969576189,8841.935904682814
26,9,7.816898736513599,20.09877240530293,568.4328664018462,3511.965154864304
26,10,14.122150834562182,1973.194266275117,402.08490940710374,161832.1331297456
26,11,21.26948122460205,72659898.00868663,189.36357321045998,4513757839.501262
26,12,5.907074604817991,11.133688468915985,611.7957680489392,2568.235795521652
26,13,9.54827048561458,1157.6288295541945,592.4297377525816,109769.46554537283
26,14,8.033622415381306,32.8080729659819,561.9246073860268,4771.149833917648
26,15,7.679274375100492,16.897087253912257,504.86247237263854,3187.2523302595837
26,16,8.274212699486453,17.53669448586522,535.7782010586577,3048.836387825888
26,17,7.438625902775403,38.6954951295203,635.8155336869905,5401.225013866842
26,18,16.419189861318394,97.53005713475171,223.45812363880773,8973.709060853222
26,19,10.637202319799762,64.54375075596374,478.6201861473617,7250.068615931692
26,20,13.201438121588382,1933.9840657463524,440.94187907969354,154820.2018730932
26,21,13.848842186882397,174.4522465980528,386.99341152129114,15263.927341415412
26,22,13.338025040082872,124262574.657185,480.41405918433554,9553121430.960684
26,23,16.897879776624116,24862150.75488683,356.27894314770913,1665751832.6122293
26,24,7.8121597378138325,30.52135012694358,591.304638626092,4417.6446466879925
26,25,6.098299157495989,16.7493171502952,662.5032969461878,3092.581855772408
26,26,5.105260397677361,12.553780646444224,691.174708314132,2786.3556270431727
26,27,6.144343405889989,14.700474848336675,631.2384214838729,2876.3544984757727
26,28,12.458901626750741,1257.7988801035303,468.9808834511948,103512.69977880412
26,29,21.018056011413766,1302852.203440337,160.18033073406184,81130632.53802119
27,0,15.30426856217911,2039.2304356319737,395.7594662422314,166848.91761042416
27,1,12.31845181184448,48.407691398480495,433.7527344662242,5769.013514797156
27,2,15.301762988331586,7468380.650857031,369.55403588724175,581384416.2544503
27,3,19.575857348108435,238.50825160110907,209.1502699099075,18137.70614205461
27,4,14.994442572749929,120.3551568315836,360.3968420866345,11010.274788017243
27,5,19.920888707496697,260.4648355198216,233.2403559384113,18907.88731113103
27,6,22.757366864702913,2681269509.1238413,184.77079271429776,159751271364.82715
27,7,8.274937779697193,34.42464604984025,597.1275881143617,5041.370542463399
27,8,19.684426809422646,3045.8194169733197,202.97253845132593,212882.9907475065
27,9,19.338079212461665,1430972.6613884293,222.04879777275778,97302938.18427369
27,10,7.908150448691725,36.067806704609396,633.6067172973795,5101.0334645627845
27,11,14.004209120429394,1178981162.2460139,439.76326880623526,89500041847.88885
27,12,17.981717142183744,1603.3431134889408,252.17107729177286,112635.23959124817
27,13,14.151388946627963,1764531.0261116568,407.3162107013302,137386709.25286776
27,14,14.077674975642065,949.6943413379784,385.5406438830484,76579.14118097928
27,15,15.197556243886696,299.25105624321696,368.05934606522,23370.876244092084
27,16,16.224251419182316,1134.372509047069,338.0515349771698,82901.34017716977
27,17,7.875166331176789,27.413030717887942,575.631106631163,4205.454523310616
27,18,7.784211400681551,23.402568842183623,584.4582555022452,3678.757012324586
27,19,8.88119588777263,41.29834786752183,574.1803133281104,5323.71849037097
27,20,12.193412403419394,32586900.585544564,506.5465553306241,2683812665.775407
27,21,6.798370251637335,19.4392127706517,624.6953006171915,3396.9640844924643
27,22,11.650123442383029,202969.66932133478,505.40139316260263,17476974.309078306
27,23,4.588824084614107,7.748536905376475,711.0183450085549,2100.423866345637
27,24,15.476617061370721,920.9105894537176,339.78556513471574,69936.78051179898
27,25,16.63314421211473,518546.0996903626,290.3878311281229,37191933.08817212
27,26,10.495148823888762,109.85967416813699,507.38241994744203,11182.733457027258
27,27,12.541259288175425,134.3527317598051,441.4270736581208,12210.923182178565
27,28,7.652316820646899,30.202415473098483,585.7935692702314,4392.581793890684
27,29,13.413366846517878,801637.2462348724,453.5234020251288,60736219.42016739
28,0,8.476035259907402,30.308033058550635,641.556286031097,4630.996840565872
28,1,8.588448834902241,32.43804498300812,593.7855538245539,4818.489922928626
28,2,16.3244588324633,8124170.508805372,357.69230782466366,611155434.3853197
28,3,6.73689011215334,15.66521888165831,639.2729437150356,3160.6502886917
28,4,13.57594126456155,965.9346179777897,512.0544657247847,77387.12886130204
28,5,12.252671821602426,203.1179274098673,512.2982982933174,18951.891431612785
28,6,14.019164493426345,310.9932645527857,427.966420362231,26299.825301719342
28,7,11.389371868406002,160267812.0230236,557.3323701200286,14317067886.204065
28,8,9.33905361089443,56246980.279505834,605.3929651473159,5939658105.202719
28,9,7.5691451369748926,24.57419045698566,612.374699457872,3954.686923545563
28,10,16.622679034498248,2360524.293361674,348.6798607173175,170427946.01660374
28,11,18.322181669366124,748163.9680094507,276.8227157690107,50032110.79916054
28,12,8.014745742074783,28.12041535572002,624.264373483185,3953.380499843693
28,13,10.872520274697017,83.3294593717209,472.5553799216036,8844.52074125952
28,14,21.055004768237062,183.4187320229707,111.66736214099456,13513.659639728736
28,15,12.293220217740298,1759.0092322021387,493.9315602992144,146669.09574269658
28,16,19.134243847688246,4291.273479456189,265.17413672625923,278776.43511754007
28,17,18.997672934895938,27164689.50404352,296.99230896714744,1732087194.522997
28,18,19.59455173944356,1595793.7963615267,234.4528017981953,103486003.25524034
28,19,4.687914210252982,17.4391682527134,765.2882195029263,3474.279503239382
28,20,4.906198667714246,13.401695289564815,733.1470591018206,2876.4581778966785
28,21,6.731104260415949,13.454887022207739,604.5311410491254,2725.881679223734
28,22,12.997110574017427,15034859.618685579,444.5193621348458,1237055875.0374775
28,23,14.180816745666156,82.74884375626652,321.5515451873946,8074.665196767639
28,24,8.406740928541858,25.46340811029383,565.0070102501809,3768.8010873034227
28,25,22.139646858240763,80551338.89847459,169.19745607080063,4794569324.442407
28,26,10.62859162587177,114.0107958367587,508.91884138891714,11259.486252378816
28,27,10.487379306476267,36.249813416564294,457.0329235959865,4571.503193144955
28,28,13.803031380525573,2883471.5117439157,422.14078177142306,222075781.98023787
28,29,16.014034361076185,529186.3535723118,312.9568279370309,38237994.583442576
29,0,24.802858241664786,3160422.777962474,137.39612058839896,193952464.83207756
29,1,7.175819013068642,22.918474080351952,679.3493506535497,3874.8627002517733
29,2,7.698557739888084,30.829057778171375,673.2546558915584,4534.49559344398
29,3,6.04530775916705,17.54519138806684,705.3926601921629,3490.1841004071666
29,4,14.090361600205796,164.13690104898092,415.21888954909275,14963.094806532252
29,5,24.476587436246838,76425619.69512138,139.11327811942823,4535914127.506762
29,6,19.362460755989648,9540606.479151625,266.6868305051896,634895276.5637481
29,7,11.336591982530273,99.6324183332843,509.1198546748519,10421.817321850873
29,8,10.347181273189616,29559.953603701713,567.3706773327547,2886346.1026731264
29,9,15.812080449575856,301.42065827463205,323.90678210085673,24637.25848152543
29,10,16.29134948858082,1443.0825591313169,280.60454147241285,114257.40792146511
29,11,20.25988814383309,67755.21099861708,203.4025670086335,4370272.034092842
29,12,7.103125491251131,35.202995512156676,634.4100301969735,5205.842688524019
29,13,15.138871111235051,23722985.432075307,419.9511420977839,1682506062.530778
29,14,10.88605026457438,53.19730924738649,432.7233991647838,6361.520404405042
29,15,21.749140144739215,130.37221623318612,67.14783289459118,10089.296011609313
29,16,6.99344421600704,20.71451139719511,618.4093381586154,3509.0936056272467
29,17,16.9568646310578,84302163.40571374,312.0573142580098,5969748775.36828
29,18,20.35926423055498,180578034.38759822,189.45044782041987,11830514588.865042
29,19,6.013246389524403,25.917065644141168,724.335645461154,4221.298754753431
29,20,18.499855143778234,6274937.255335265,268.95941635665054,428147109.0587316
29,21,12.174563200511436,90.97195117808036,445.17047855891684,8937.638930674337
29,22,11.561282609240202,78.7779950115607,441.4144958035213,8404.277637965122
29,23,12.076122959831874,44.70187325582327,392.5024409079505,5238.513816485671
29,24,9.5686542315364,162.64236623807915,556.6005234536703,17006.049287301343
29,25,12.653183990211726,46.39307116144816,358.8555551295326,5317.381092927268
29,26,23.500503517518478,38317742.71528226,145.72846114307282,2185006156.4384546
29,27,5.252968374729953,14.753516284951067,722.8268829990905,2878.590754444046
29,28,14.01778745101674,51421513.446491316,397.74566573363177,3934598297.569278
29,29,17.008161442490128,1615434.654476713,276.1548319227072,114465631.56819093
